<?xml version="1.0" encoding="UTF-8" standalone="no"?>
<changelog xmlns="http://www.omnigroup.com/namespace/OmniPlan/v2">
  <version>2.1</version>
  <task-change-set user="皓辰" date="2016-11-15T05:49:23.118Z" timestamp="2016-11-15T05:49:23.118Z">
    <change idref="t2" to="t-1" to-position="1" resolved="yes">
      <change idref="t2" attribute="title" type="string" to="登录界面"/>
    </change>
    <change idref="t3" to="t-1" to-position="2" resolved="yes">
      <change idref="t3" attribute="title" type="string" to="任务 1"/>
    </change>
    <change idref="t1" attribute="title" type="string" from="任务 1" to="注册界面" resolved="yes"/>
  </task-change-set>
  <task-change-set user="皓辰" date="2016-11-15T05:49:38.130Z" timestamp="2016-11-15T05:49:38.130Z">
    <change idref="t4" to="t-1" to-position="3" resolved="yes">
      <change idref="t4" attribute="title" type="string" to="任务 1"/>
    </change>
    <change idref="t3" attribute="title" type="string" from="任务 1" to="菜单权限" resolved="yes"/>
  </task-change-set>
  <task-change-set user="皓辰" date="2016-11-15T05:49:56.689Z" timestamp="2016-11-15T05:49:56.689Z">
    <change idref="t5" to="t-1" to-position="4" resolved="yes">
      <change idref="t5" attribute="title" type="string" to="任务 1"/>
    </change>
    <change idref="t4" attribute="title" type="string" from="任务 1" to="接入界面" resolved="yes"/>
  </task-change-set>
  <task-change-set user="皓辰" date="2016-11-15T06:18:45.176Z" timestamp="2016-11-15T06:18:45.176Z">
    <change idref="t1" attribute="isGroup" type="real" from="0" to="1" resolved="yes"/>
    <change idref="t1" attribute="multiResourceWorkType" type="real" from="0" resolved="yes"/>
    <change idref="t1" attribute="isSplittableTask" type="real" from="1" resolved="yes"/>
    <change idref="t1" attribute="taskType" type="real" from="0" to="2" resolved="yes"/>
    <change idref="t1" attribute="resourceAssignmentType" type="real" from="0" resolved="yes"/>
    <change idref="t1" attribute="staticCost" type="real" from="0" resolved="yes"/>
    <change idref="t1" attribute="effort" type="real" from="28800" resolved="yes"/>
    <change idref="t1" attribute="isSplitChunk" type="real" from="0" resolved="yes"/>
    <change idref="t1" attribute="scheduleType" type="real" from="0" resolved="yes"/>
    <change idref="t1" attribute="internalAssignments" type="string" from="" resolved="yes"/>
    <change idref="t1" attribute="isSplitTask" type="real" from="0" resolved="yes"/>
    <change idref="t1" attribute="internalEffortDone" type="real" from="0" resolved="yes"/>
    <change idref="t7" to="t1" to-position="0" resolved="yes">
      <change idref="t7" attribute="title" type="string" to="URL含有appId处理为子账号注册"/>
    </change>
    <change idref="t2" attribute="isGroup" type="real" from="0" to="1" resolved="yes"/>
    <change idref="t2" attribute="multiResourceWorkType" type="real" from="0" resolved="yes"/>
    <change idref="t2" attribute="isSplittableTask" type="real" from="1" resolved="yes"/>
    <change idref="t2" attribute="taskType" type="real" from="0" to="2" resolved="yes"/>
    <change idref="t2" attribute="resourceAssignmentType" type="real" from="0" resolved="yes"/>
    <change idref="t2" attribute="staticCost" type="real" from="0" resolved="yes"/>
    <change idref="t2" attribute="effort" type="real" from="28800" resolved="yes"/>
    <change idref="t2" attribute="isSplitChunk" type="real" from="0" resolved="yes"/>
    <change idref="t2" attribute="scheduleType" type="real" from="0" resolved="yes"/>
    <change idref="t2" attribute="internalAssignments" type="string" from="" resolved="yes"/>
    <change idref="t2" attribute="isSplitTask" type="real" from="0" resolved="yes"/>
    <change idref="t2" attribute="internalEffortDone" type="real" from="0" resolved="yes"/>
    <change idref="t8" to="t2" to-position="0" resolved="yes">
      <change idref="t8" attribute="effort" type="real" from="28800" to="14400"/>
      <change idref="t8" attribute="title" type="string" to="登录成功进入主页获取渲染菜单"/>
    </change>
    <change idref="t11" to="t2" to-position="1" resolved="yes">
      <change idref="t11" attribute="effort" type="real" from="28800" to="14400"/>
      <change idref="t11" attribute="title" type="string" to="设置sessionStorage及有效期"/>
    </change>
  </task-change-set>
  <task-change-set user="皓辰" date="2016-11-15T06:19:53.561Z" timestamp="2016-11-15T06:19:53.561Z">
    <change idref="t4" attribute="title" type="string" from="接入界面" to="生成注册菜单界面" resolved="yes"/>
  </task-change-set>
  <task-change-set user="皓辰" date="2016-11-15T06:20:54.637Z" timestamp="2016-11-15T06:20:54.637Z">
    <change idref="t4" attribute="title" type="string" from="生成注册菜单界面" to="注册链接生成界面" resolved="yes"/>
  </task-change-set>
  <task-change-set user="皓辰" date="2016-11-15T06:22:10.563Z" timestamp="2016-11-15T06:22:10.563Z">
    <change idref="t5" attribute="title" type="string" from="任务 1" to="概况界面" resolved="yes"/>
  </task-change-set>
  <task-change-set user="皓辰" date="2016-11-15T06:26:48.460Z" timestamp="2016-11-15T06:26:48.460Z">
    <change idref="t2" attribute="title" type="string" from="登录界面" to="登录、注销" resolved="yes"/>
    <change idref="t13" to="t2" to-position="2" resolved="yes">
      <change idref="t13" attribute="effort" type="real" from="28800" to="14400"/>
      <change idref="t13" attribute="title" type="string" to="注销"/>
    </change>
  </task-change-set>
  <task-change-set user="皓辰" date="2016-11-15T06:28:05.060Z" timestamp="2016-11-15T06:28:05.060Z">
    <change idref="t17" to="t-1" to-position="0" resolved="yes">
      <change idref="t17" attribute="isGroup" type="real" from="0" to="1"/>
      <change idref="t17" attribute="taskType" type="real" from="0" to="2"/>
      <change idref="t17" attribute="title" type="string" to="接口约定"/>
    </change>
    <change idref="t15" to="t-1" to-position="6" resolved="yes">
      <change idref="t15" attribute="title" type="string" to="任务 1"/>
    </change>
    <change idref="t5" attribute="isGroup" type="real" from="0" to="1" resolved="yes"/>
    <change idref="t5" attribute="multiResourceWorkType" type="real" from="0" resolved="yes"/>
    <change idref="t5" attribute="isSplittableTask" type="real" from="1" resolved="yes"/>
    <change idref="t5" attribute="taskType" type="real" from="0" to="2" resolved="yes"/>
    <change idref="t5" attribute="resourceAssignmentType" type="real" from="0" resolved="yes"/>
    <change idref="t5" attribute="staticCost" type="real" from="0" resolved="yes"/>
    <change idref="t5" attribute="effort" type="real" from="28800" resolved="yes"/>
    <change idref="t5" attribute="isSplitChunk" type="real" from="0" resolved="yes"/>
    <change idref="t5" attribute="scheduleType" type="real" from="0" resolved="yes"/>
    <change idref="t5" attribute="internalAssignments" type="string" from="" resolved="yes"/>
    <change idref="t5" attribute="isSplitTask" type="real" from="0" resolved="yes"/>
    <change idref="t5" attribute="internalEffortDone" type="real" from="0" resolved="yes"/>
    <change idref="t16" to="t5" to-position="0" resolved="yes">
      <change idref="t16" attribute="title" type="string" to="任务 2"/>
    </change>
    <change idref="t19" to="t17" to-position="0" resolved="yes">
      <change idref="t19" attribute="title" type="string" to="1"/>
    </change>
    <change idref="t20" to="t17" to-position="1" resolved="yes">
      <change idref="t20" attribute="title" type="string" to="任务 3"/>
    </change>
  </task-change-set>
  <task-change-set user="皓辰" date="2016-11-15T06:28:12.753Z" timestamp="2016-11-15T06:28:12.753Z">
    <change idref="t15" attribute="title" type="string" from="任务 1" to="交易流水" resolved="yes"/>
  </task-change-set>
  <task-change-set user="皓辰" date="2016-11-15T06:28:25.547Z" timestamp="2016-11-15T06:28:25.547Z">
    <change idref="t15" attribute="title" type="string" from="交易流水" to="交易流水界面" resolved="yes"/>
  </task-change-set>
  <task-change-set user="皓辰" date="2016-11-15T06:29:03.733Z" timestamp="2016-11-15T06:29:03.733Z">
    <change idref="t22" to="t17" to-position="2" resolved="yes">
      <change idref="t22" attribute="title" type="string" to=""/>
    </change>
    <change idref="t19" attribute="title" type="string" from="1" to="登录、注册" resolved="yes"/>
    <change idref="t20" attribute="title" type="string" from="任务 3" to="获取登录用户信息、菜单信息" resolved="yes"/>
  </task-change-set>
  <task-change-set user="皓辰" date="2016-11-15T06:29:28.756Z" timestamp="2016-11-15T06:29:28.756Z">
    <change idref="t22" attribute="title" type="string" from="" to="生成商城注册链接接口" resolved="yes"/>
  </task-change-set>
  <task-change-set user="皓辰" date="2016-11-15T06:29:48.212Z" timestamp="2016-11-15T06:29:48.212Z">
    <change idref="t23" to="t17" to-position="3" resolved="yes">
      <change idref="t23" attribute="title" type="string" to="概况界面"/>
    </change>
  </task-change-set>
  <task-change-set user="皓辰" date="2016-11-15T06:32:00.657Z" timestamp="2016-11-15T06:32:00.657Z">
    <change idref="t24" to="t17" to-position="4" resolved="yes">
      <change idref="t24" attribute="title" type="string" to="交易流水界面"/>
    </change>
  </task-change-set>
  <task-change-set user="皓辰" date="2016-11-15T06:34:04.229Z" timestamp="2016-11-15T06:34:04.229Z">
    <change idref="t25" to="t-1" to-position="7" resolved="yes">
      <change idref="t25" attribute="title" type="string" to="提现界面"/>
    </change>
  </task-change-set>
  <task-change-set user="皓辰" date="2016-11-15T06:36:58.960Z" timestamp="2016-11-15T06:36:58.960Z">
    <change idref="t25" attribute="isGroup" type="real" from="0" to="1" resolved="yes"/>
    <change idref="t25" attribute="multiResourceWorkType" type="real" from="0" resolved="yes"/>
    <change idref="t25" attribute="isSplittableTask" type="real" from="1" resolved="yes"/>
    <change idref="t25" attribute="taskType" type="real" from="0" to="2" resolved="yes"/>
    <change idref="t25" attribute="resourceAssignmentType" type="real" from="0" resolved="yes"/>
    <change idref="t25" attribute="staticCost" type="real" from="0" resolved="yes"/>
    <change idref="t25" attribute="effort" type="real" from="28800" resolved="yes"/>
    <change idref="t25" attribute="isSplitChunk" type="real" from="0" resolved="yes"/>
    <change idref="t25" attribute="scheduleType" type="real" from="0" resolved="yes"/>
    <change idref="t25" attribute="internalAssignments" type="string" from="" resolved="yes"/>
    <change idref="t25" attribute="isSplitTask" type="real" from="0" resolved="yes"/>
    <change idref="t25" attribute="internalEffortDone" type="real" from="0" resolved="yes"/>
    <change idref="t26" to="t25" to-position="0" resolved="yes">
      <change idref="t26" attribute="title" type="string" to="提现记录界面"/>
    </change>
    <change idref="t27" to="t25" to-position="1" resolved="yes">
      <change idref="t27" attribute="title" type="string" to="提现申请"/>
    </change>
  </task-change-set>
  <task-change-set user="皓辰" date="2016-11-15T06:41:20.139Z" timestamp="2016-11-15T06:41:20.139Z">
    <change idref="t24" attribute="effort" type="real" from="28800" to="43200" resolved="yes"/>
  </task-change-set>
  <task-change-set user="皓辰" date="2016-11-15T06:42:00.324Z" timestamp="2016-11-15T06:42:00.324Z">
    <change idref="t19" attribute="effort" type="real" from="28800" to="3600" resolved="yes"/>
    <change idref="t20" attribute="effort" type="real" from="28800" to="10800" resolved="yes"/>
    <change idref="t22" attribute="effort" type="real" from="28800" to="3600" resolved="yes"/>
    <change idref="t23" attribute="effort" type="real" from="28800" to="14400" resolved="yes"/>
  </task-change-set>
  <task-change-set user="皓辰" date="2016-11-15T06:42:37.728Z" timestamp="2016-11-15T06:42:37.728Z">
    <change idref="t23" attribute="effort" type="real" from="14400" to="28800" resolved="yes"/>
  </task-change-set>
  <task-change-set user="皓辰" date="2016-11-15T06:43:07.643Z" timestamp="2016-11-15T06:43:07.643Z">
    <change idref="t20" attribute="effort" type="real" from="10800" to="28800" resolved="yes"/>
    <change idref="t22" attribute="effort" type="real" from="3600" to="28800" resolved="yes"/>
  </task-change-set>
  <task-change-set user="皓辰" date="2016-11-15T06:43:38.075Z" timestamp="2016-11-15T06:43:38.075Z">
    <change idref="t20" attribute="effort" type="real" from="28800" to="10800" resolved="yes"/>
    <change idref="t22" attribute="effort" type="real" from="28800" to="3600" resolved="yes"/>
    <change idref="t23" attribute="effort" type="real" from="28800" to="14400" resolved="yes"/>
    <change idref="t27" attribute="title" type="string" from="任务 1" to="提现申请" resolved="yes"/>
  </task-change-set>
  <task-change-set user="皓辰" date="2016-11-15T06:47:41.049Z" timestamp="2016-11-15T06:47:41.049Z">
    <change idref="t20" attribute="effort" type="real" from="10800" to="7200" resolved="yes"/>
    <change idref="t24" attribute="effort" type="real" from="43200" to="14400" resolved="yes"/>
  </task-change-set>
  <task-change-set user="皓辰" date="2016-11-15T06:52:03.482Z" timestamp="2016-11-15T06:52:03.482Z">
    <change idref="t3" attribute="isGroup" type="real" from="0" to="1" resolved="yes"/>
    <change idref="t3" attribute="multiResourceWorkType" type="real" from="0" resolved="yes"/>
    <change idref="t3" attribute="isSplittableTask" type="real" from="1" resolved="yes"/>
    <change idref="t3" attribute="taskType" type="real" from="0" to="2" resolved="yes"/>
    <change idref="t3" attribute="resourceAssignmentType" type="real" from="0" resolved="yes"/>
    <change idref="t3" attribute="staticCost" type="real" from="0" resolved="yes"/>
    <change idref="t3" attribute="effort" type="real" from="28800" resolved="yes"/>
    <change idref="t3" attribute="isSplitChunk" type="real" from="0" resolved="yes"/>
    <change idref="t3" attribute="scheduleType" type="real" from="0" resolved="yes"/>
    <change idref="t3" attribute="internalAssignments" type="string" from="" resolved="yes"/>
    <change idref="t3" attribute="isSplitTask" type="real" from="0" resolved="yes"/>
    <change idref="t3" attribute="internalEffortDone" type="real" from="0" resolved="yes"/>
    <change idref="t29" to="t3" to-position="0" resolved="yes">
      <change idref="t29" attribute="title" type="string" to="各页面进入菜单"/>
    </change>
  </task-change-set>
  <task-change-set user="皓辰" date="2016-11-15T06:52:42.728Z" timestamp="2016-11-15T06:52:42.728Z">
    <change idref="t30" to="t3" to-position="1" resolved="yes">
      <change idref="t30" attribute="title" type="string" to="目前已有的各页面checkLogin，未登陆则跳转登陆页"/>
    </change>
    <change idref="t29" attribute="title" type="string" from="各页面进入菜单" to="" resolved="yes"/>
  </task-change-set>
  <task-change-set user="皓辰" date="2016-11-15T06:53:02.086Z" timestamp="2016-11-15T06:53:02.086Z">
    <change idref="t29" attribute="title" type="string" from="" to="根据后端菜单列表渲染菜单" resolved="yes"/>
  </task-change-set>
  <task-change-set user="皓辰" date="2016-11-15T06:53:42.508Z" timestamp="2016-11-15T06:53:42.508Z">
    <change idref="t4" attribute="isGroup" type="real" from="0" to="1" resolved="yes"/>
    <change idref="t4" attribute="multiResourceWorkType" type="real" from="0" resolved="yes"/>
    <change idref="t4" attribute="isSplittableTask" type="real" from="1" resolved="yes"/>
    <change idref="t4" attribute="taskType" type="real" from="0" to="2" resolved="yes"/>
    <change idref="t4" attribute="resourceAssignmentType" type="real" from="0" resolved="yes"/>
    <change idref="t4" attribute="staticCost" type="real" from="0" resolved="yes"/>
    <change idref="t4" attribute="effort" type="real" from="28800" resolved="yes"/>
    <change idref="t4" attribute="isSplitChunk" type="real" from="0" resolved="yes"/>
    <change idref="t4" attribute="scheduleType" type="real" from="0" resolved="yes"/>
    <change idref="t4" attribute="internalAssignments" type="string" from="" resolved="yes"/>
    <change idref="t4" attribute="isSplitTask" type="real" from="0" resolved="yes"/>
    <change idref="t4" attribute="internalEffortDone" type="real" from="0" resolved="yes"/>
    <change idref="t32" to="t4" to-position="0" resolved="yes">
      <change idref="t32" attribute="title" type="string" to="设为独立页面，仅admin可以"/>
    </change>
  </task-change-set>
  <task-change-set user="皓辰" date="2016-11-15T06:54:07.142Z" timestamp="2016-11-15T06:54:07.142Z">
    <change idref="t32" attribute="title" type="string" from="设为独立页面，仅admin可以" to="设为独立页面，高级管理员可访问" resolved="yes"/>
  </task-change-set>
  <task-change-set user="皓辰" date="2016-11-15T06:54:47.280Z" timestamp="2016-11-15T06:54:47.280Z">
    <change idref="t33" to="t5" to-position="1" resolved="yes">
      <change idref="t33" attribute="title" type="string" to="订单查询"/>
    </change>
    <change idref="t16" attribute="title" type="string" from="任务 2" to="概况信息" resolved="yes"/>
  </task-change-set>
  <task-change-set user="皓辰" date="2016-11-15T06:55:26.131Z" timestamp="2016-11-15T06:55:26.131Z">
    <change idref="t15" attribute="isGroup" type="real" from="0" to="1" resolved="yes"/>
    <change idref="t15" attribute="multiResourceWorkType" type="real" from="0" resolved="yes"/>
    <change idref="t15" attribute="isSplittableTask" type="real" from="1" resolved="yes"/>
    <change idref="t15" attribute="taskType" type="real" from="0" to="2" resolved="yes"/>
    <change idref="t15" attribute="resourceAssignmentType" type="real" from="0" resolved="yes"/>
    <change idref="t15" attribute="staticCost" type="real" from="0" resolved="yes"/>
    <change idref="t15" attribute="effort" type="real" from="28800" resolved="yes"/>
    <change idref="t15" attribute="isSplitChunk" type="real" from="0" resolved="yes"/>
    <change idref="t15" attribute="scheduleType" type="real" from="0" resolved="yes"/>
    <change idref="t15" attribute="internalAssignments" type="string" from="" resolved="yes"/>
    <change idref="t15" attribute="isSplitTask" type="real" from="0" resolved="yes"/>
    <change idref="t15" attribute="internalEffortDone" type="real" from="0" resolved="yes"/>
    <change idref="t34" to="t15" to-position="0" resolved="yes">
      <change idref="t34" attribute="title" type="string" to="交易流水概况信息"/>
    </change>
    <change idref="t35" to="t15" to-position="1" resolved="yes">
      <change idref="t35" attribute="title" type="string" to="交易流水明细"/>
    </change>
  </task-change-set>
  <task-change-set user="皓辰" date="2016-11-15T06:55:54.828Z" timestamp="2016-11-15T06:55:54.828Z">
    <change idref="t36" to="t-1" to-position="8" resolved="yes">
      <change idref="t36" attribute="title" type="string" to="联调"/>
    </change>
  </task-change-set>
  <task-change-set user="皓辰" date="2016-11-15T06:57:28.220Z" timestamp="2016-11-15T06:57:28.220Z">
    <change idref="t36" attribute="isGroup" type="real" from="0" to="1" resolved="yes"/>
    <change idref="t36" attribute="multiResourceWorkType" type="real" from="0" resolved="yes"/>
    <change idref="t36" attribute="isSplittableTask" type="real" from="1" resolved="yes"/>
    <change idref="t36" attribute="taskType" type="real" from="0" to="2" resolved="yes"/>
    <change idref="t36" attribute="resourceAssignmentType" type="real" from="0" resolved="yes"/>
    <change idref="t36" attribute="staticCost" type="real" from="0" resolved="yes"/>
    <change idref="t36" attribute="effort" type="real" from="28800" resolved="yes"/>
    <change idref="t36" attribute="isSplitChunk" type="real" from="0" resolved="yes"/>
    <change idref="t36" attribute="scheduleType" type="real" from="0" resolved="yes"/>
    <change idref="t36" attribute="internalAssignments" type="string" from="" resolved="yes"/>
    <change idref="t36" attribute="isSplitTask" type="real" from="0" resolved="yes"/>
    <change idref="t36" attribute="internalEffortDone" type="real" from="0" resolved="yes"/>
    <change idref="t38" to="t36" to-position="0" resolved="yes">
      <change idref="t38" attribute="effort" type="real" from="28800" to="14400"/>
      <change idref="t38" attribute="title" type="string" to="登陆注册"/>
    </change>
    <change idref="t39" to="t36" to-position="1" resolved="yes">
      <change idref="t39" attribute="effort" type="real" from="28800" to="14400"/>
      <change idref="t39" attribute="title" type="string" to="生成注册链接注册"/>
    </change>
    <change idref="t40" to="t36" to-position="2" resolved="yes">
      <change idref="t40" attribute="title" type="string" to=""/>
    </change>
  </task-change-set>
  <task-change-set user="皓辰" date="2016-11-15T06:58:01.402Z" timestamp="2016-11-15T06:58:01.402Z">
    <change idref="t38" attribute="title" type="string" from="登陆注册" to="登陆注册注销" resolved="yes"/>
  </task-change-set>
  <task-change-set user="皓辰" date="2016-11-15T06:58:30.175Z" timestamp="2016-11-15T06:58:30.175Z">
    <change idref="t40" attribute="title" type="string" from="" to="概况信息" resolved="yes"/>
  </task-change-set>
  <task-change-set user="皓辰" date="2016-11-15T06:58:46.919Z" timestamp="2016-11-15T06:58:46.919Z">
    <change idref="t41" to="t36" to-position="3" resolved="yes">
      <change idref="t41" attribute="title" type="string" to="交易流水"/>
    </change>
  </task-change-set>
  <task-change-set user="皓辰" date="2016-11-15T06:59:00.370Z" timestamp="2016-11-15T06:59:00.370Z">
    <change idref="t42" to="t36" to-position="4" resolved="yes">
      <change idref="t42" attribute="title" type="string" to="提现及提现记录管理"/>
    </change>
  </task-change-set>
  <task-change-set user="皓辰" date="2016-11-15T07:01:10.989Z" timestamp="2016-11-15T07:01:10.989Z">
    <change idref="t1" attribute="internalPrerequisitesString" type="string" to="17FS" resolved="yes"/>
    <change idref="t2" attribute="internalPrerequisitesString" type="string" to="1FS" resolved="yes"/>
    <change idref="t3" attribute="internalPrerequisitesString" type="string" to="2FS" resolved="yes"/>
    <change idref="t4" attribute="internalPrerequisitesString" type="string" to="3FS" resolved="yes"/>
    <change idref="t5" attribute="internalPrerequisitesString" type="string" to="4FS" resolved="yes"/>
    <change idref="t15" attribute="internalPrerequisitesString" type="string" to="5FS" resolved="yes"/>
    <change idref="t25" attribute="internalPrerequisitesString" type="string" to="15FS" resolved="yes"/>
    <change idref="t36" attribute="internalPrerequisitesString" type="string" to="25FS" resolved="yes"/>
  </task-change-set>
  <task-change-set user="皓辰" date="2016-11-15T07:04:10.779Z" timestamp="2016-11-15T07:04:10.779Z">
    <change idref="t7" attribute="internalAssignments" type="string" from="" to="1" resolved="yes"/>
    <change idref="t8" attribute="internalAssignments" type="string" from="" to="1" resolved="yes"/>
    <change idref="t11" attribute="internalAssignments" type="string" from="" to="1" resolved="yes"/>
    <change idref="t13" attribute="internalAssignments" type="string" from="" to="1" resolved="yes"/>
    <change idref="t16" attribute="internalAssignments" type="string" from="" to="1" resolved="yes"/>
    <change idref="t19" attribute="internalAssignments" type="string" from="" to="1" resolved="yes"/>
    <change idref="t20" attribute="internalAssignments" type="string" from="" to="1" resolved="yes"/>
    <change idref="t22" attribute="internalAssignments" type="string" from="" to="1" resolved="yes"/>
    <change idref="t23" attribute="internalAssignments" type="string" from="" to="1" resolved="yes"/>
    <change idref="t24" attribute="internalAssignments" type="string" from="" to="1" resolved="yes"/>
    <change idref="t26" attribute="internalAssignments" type="string" from="" to="1" resolved="yes"/>
    <change idref="t27" attribute="internalAssignments" type="string" from="" to="1" resolved="yes"/>
    <change idref="t29" attribute="internalAssignments" type="string" from="" to="1" resolved="yes"/>
    <change idref="t30" attribute="internalAssignments" type="string" from="" to="1" resolved="yes"/>
    <change idref="t32" attribute="internalAssignments" type="string" from="" to="1" resolved="yes"/>
    <change idref="t33" attribute="internalAssignments" type="string" from="" to="1" resolved="yes"/>
    <change idref="t34" attribute="internalAssignments" type="string" from="" to="1" resolved="yes"/>
    <change idref="t35" attribute="internalAssignments" type="string" from="" to="1" resolved="yes"/>
    <change idref="t38" attribute="internalAssignments" type="string" from="" to="1" resolved="yes"/>
    <change idref="t39" attribute="internalAssignments" type="string" from="" to="1" resolved="yes"/>
    <change idref="t40" attribute="internalAssignments" type="string" from="" to="1" resolved="yes"/>
    <change idref="t41" attribute="internalAssignments" type="string" from="" to="1" resolved="yes"/>
    <change idref="t42" attribute="internalAssignments" type="string" from="" to="1" resolved="yes"/>
  </task-change-set>
  <task-change-set user="皓辰" date="2016-11-15T07:07:42.606Z" timestamp="2016-11-15T07:07:42.606Z">
    <change idref="t1" attribute="internalPrerequisitesString" type="string" from="17FS" to="17FS, 24FS" resolved="yes"/>
    <change idref="t2" attribute="internalPrerequisitesString" type="string" from="1FS" to="1FS, 7FS" resolved="yes"/>
    <change idref="t3" attribute="internalPrerequisitesString" type="string" from="2FS" to="2FS, 13FS" resolved="yes"/>
    <change idref="t4" attribute="internalPrerequisitesString" type="string" from="3FS" to="3FS, 30FS" resolved="yes"/>
    <change idref="t5" attribute="internalPrerequisitesString" type="string" from="4FS" to="4FS, 32FS" resolved="yes"/>
    <change idref="t7" attribute="internalAssignments" type="string" from="1" to="" resolved="yes"/>
    <change idref="t7" attribute="resourceLeveledDate" type="date" to="2016-11-16T01:00:00.000Z" resolved="yes"/>
    <change idref="t8" attribute="internalAssignments" type="string" from="1" to="" resolved="yes"/>
    <change idref="t8" attribute="resourceLeveledDate" type="date" to="2016-11-16T01:00:00.000Z" resolved="yes"/>
    <change idref="t11" attribute="internalAssignments" type="string" from="1" to="" resolved="yes"/>
    <change idref="t11" attribute="internalPrerequisitesString" type="string" to="8FS" resolved="yes"/>
    <change idref="t11" attribute="resourceLeveledDate" type="date" to="2016-11-16T01:00:00.000Z" resolved="yes"/>
    <change idref="t13" attribute="internalAssignments" type="string" from="1" to="" resolved="yes"/>
    <change idref="t13" attribute="internalPrerequisitesString" type="string" to="11FS" resolved="yes"/>
    <change idref="t13" attribute="resourceLeveledDate" type="date" to="2016-11-16T01:00:00.000Z" resolved="yes"/>
    <change idref="t15" attribute="internalPrerequisitesString" type="string" from="5FS" to="5FS, 33FS" resolved="yes"/>
    <change idref="t16" attribute="internalAssignments" type="string" from="1" to="" resolved="yes"/>
    <change idref="t16" attribute="resourceLeveledDate" type="date" to="2016-11-16T01:00:00.000Z" resolved="yes"/>
    <change idref="t17" attribute="noLaterThanConstrainedTaskEnd" type="real" from="1" to="0" resolved="yes"/>
    <change idref="t19" attribute="internalAssignments" type="string" from="1" to="" resolved="yes"/>
    <change idref="t19" attribute="resourceLeveledDate" type="date" to="2016-11-16T01:00:00.000Z" resolved="yes"/>
    <change idref="t20" attribute="internalAssignments" type="string" from="1" to="" resolved="yes"/>
    <change idref="t20" attribute="internalPrerequisitesString" type="string" to="19FS" resolved="yes"/>
    <change idref="t20" attribute="resourceLeveledDate" type="date" to="2016-11-16T01:00:00.000Z" resolved="yes"/>
    <change idref="t22" attribute="internalAssignments" type="string" from="1" to="" resolved="yes"/>
    <change idref="t22" attribute="internalPrerequisitesString" type="string" to="20FS" resolved="yes"/>
    <change idref="t22" attribute="resourceLeveledDate" type="date" to="2016-11-16T01:00:00.000Z" resolved="yes"/>
    <change idref="t23" attribute="internalAssignments" type="string" from="1" to="" resolved="yes"/>
    <change idref="t23" attribute="internalPrerequisitesString" type="string" to="22FS" resolved="yes"/>
    <change idref="t23" attribute="resourceLeveledDate" type="date" to="2016-11-16T01:00:00.000Z" resolved="yes"/>
    <change idref="t24" attribute="internalAssignments" type="string" from="1" to="" resolved="yes"/>
    <change idref="t24" attribute="internalPrerequisitesString" type="string" to="23FS" resolved="yes"/>
    <change idref="t24" attribute="resourceLeveledDate" type="date" to="2016-11-16T01:00:00.000Z" resolved="yes"/>
    <change idref="t25" attribute="internalPrerequisitesString" type="string" from="15FS" to="15FS, 35FS" resolved="yes"/>
    <change idref="t26" attribute="internalAssignments" type="string" from="1" to="" resolved="yes"/>
    <change idref="t26" attribute="resourceLeveledDate" type="date" to="2016-11-16T01:00:00.000Z" resolved="yes"/>
    <change idref="t27" attribute="internalAssignments" type="string" from="1" to="" resolved="yes"/>
    <change idref="t27" attribute="internalPrerequisitesString" type="string" to="26FS" resolved="yes"/>
    <change idref="t27" attribute="resourceLeveledDate" type="date" to="2016-11-16T01:00:00.000Z" resolved="yes"/>
    <change idref="t29" attribute="internalAssignments" type="string" from="1" to="" resolved="yes"/>
    <change idref="t29" attribute="resourceLeveledDate" type="date" to="2016-11-16T01:00:00.000Z" resolved="yes"/>
    <change idref="t30" attribute="internalAssignments" type="string" from="1" to="" resolved="yes"/>
    <change idref="t30" attribute="internalPrerequisitesString" type="string" to="29FS" resolved="yes"/>
    <change idref="t30" attribute="resourceLeveledDate" type="date" to="2016-11-16T01:00:00.000Z" resolved="yes"/>
    <change idref="t32" attribute="internalAssignments" type="string" from="1" to="" resolved="yes"/>
    <change idref="t32" attribute="resourceLeveledDate" type="date" to="2016-11-16T01:00:00.000Z" resolved="yes"/>
    <change idref="t33" attribute="internalAssignments" type="string" from="1" to="" resolved="yes"/>
    <change idref="t33" attribute="internalPrerequisitesString" type="string" to="16FS" resolved="yes"/>
    <change idref="t33" attribute="resourceLeveledDate" type="date" to="2016-11-16T01:00:00.000Z" resolved="yes"/>
    <change idref="t34" attribute="internalAssignments" type="string" from="1" to="" resolved="yes"/>
    <change idref="t34" attribute="resourceLeveledDate" type="date" to="2016-11-16T01:00:00.000Z" resolved="yes"/>
    <change idref="t35" attribute="internalAssignments" type="string" from="1" to="" resolved="yes"/>
    <change idref="t35" attribute="internalPrerequisitesString" type="string" to="34FS" resolved="yes"/>
    <change idref="t35" attribute="resourceLeveledDate" type="date" to="2016-11-16T01:00:00.000Z" resolved="yes"/>
    <change idref="t36" attribute="internalPrerequisitesString" type="string" from="25FS" to="25FS, 27FS" resolved="yes"/>
    <change idref="t38" attribute="internalAssignments" type="string" from="1" to="" resolved="yes"/>
    <change idref="t38" attribute="resourceLeveledDate" type="date" to="2016-11-16T01:00:00.000Z" resolved="yes"/>
    <change idref="t39" attribute="internalAssignments" type="string" from="1" to="" resolved="yes"/>
    <change idref="t39" attribute="internalPrerequisitesString" type="string" to="38FS" resolved="yes"/>
    <change idref="t39" attribute="resourceLeveledDate" type="date" to="2016-11-16T01:00:00.000Z" resolved="yes"/>
    <change idref="t40" attribute="internalAssignments" type="string" from="1" to="" resolved="yes"/>
    <change idref="t40" attribute="internalPrerequisitesString" type="string" to="39FS" resolved="yes"/>
    <change idref="t40" attribute="resourceLeveledDate" type="date" to="2016-11-16T01:00:00.000Z" resolved="yes"/>
    <change idref="t41" attribute="internalAssignments" type="string" from="1" to="" resolved="yes"/>
    <change idref="t41" attribute="internalPrerequisitesString" type="string" to="40FS" resolved="yes"/>
    <change idref="t41" attribute="resourceLeveledDate" type="date" to="2016-11-16T01:00:00.000Z" resolved="yes"/>
    <change idref="t42" attribute="internalAssignments" type="string" from="1" to="" resolved="yes"/>
    <change idref="t42" attribute="internalPrerequisitesString" type="string" to="41FS" resolved="yes"/>
    <change idref="t42" attribute="resourceLeveledDate" type="date" to="2016-11-16T01:00:00.000Z" resolved="yes"/>
  </task-change-set>
  <task-change-set user="孙鹏" date="2016-11-15T14:34:51.953Z" timestamp="2016-11-15T14:34:51.953Z">
    <change idref="t54" to="t1" to-position="1" resolved="yes">
      <change idref="t54" attribute="effort" type="real" from="28800" to="7200"/>
      <change idref="t54" attribute="title" type="string" to="后端用户注册接口开发"/>
    </change>
    <change idref="t51" to="t2" to-position="3" resolved="yes">
      <change idref="t51" attribute="title" type="string" to="后端登录接口的开发，返回菜单列表"/>
    </change>
    <change idref="t52" to="t2" to-position="4" resolved="yes">
      <change idref="t52" attribute="effort" type="real" from="28800" to="7200"/>
      <change idref="t52" attribute="title" type="string" to="后端注销接口的开发"/>
    </change>
    <change idref="t53" to="t3" to-position="2" resolved="yes">
      <change idref="t53" attribute="effort" type="real" from="28800" to="14400"/>
      <change idref="t53" attribute="title" type="string" to="checkLogin接口开发"/>
    </change>
    <change idref="t55" to="t4" to-position="1" resolved="yes">
      <change idref="t55" attribute="effort" type="real" from="28800" to="7200"/>
      <change idref="t55" attribute="title" type="string" to="后端公众号信息新增接口开发，生成appId"/>
    </change>
  </task-change-set>
  <task-change-set user="孙鹏" date="2016-11-15T14:39:13.755Z" timestamp="2016-11-15T14:39:13.755Z">
    <change idref="t51" attribute="internalPrerequisitesString" type="string" to="54FS" resolved="yes"/>
    <change idref="t52" attribute="internalPrerequisitesString" type="string" to="51FS" resolved="yes"/>
    <change idref="t53" attribute="internalPrerequisitesString" type="string" to="52FS" resolved="yes"/>
    <change idref="t55" attribute="internalPrerequisitesString" type="string" to="53FS" resolved="yes"/>
  </task-change-set>
  <task-change-set user="孙鹏" date="2016-11-15T14:53:37.623Z" timestamp="2016-11-15T14:53:37.623Z">
    <change idref="t60" to="t-1" to-position="1" resolved="yes">
      <change idref="t60" attribute="isGroup" type="real" from="0" to="1"/>
      <change idref="t60" attribute="taskType" type="real" from="0" to="2"/>
      <change idref="t60" attribute="title" type="string" to="前端排期"/>
    </change>
    <change idref="t61" to="t-1" to-position="2" resolved="yes">
      <change idref="t61" attribute="isGroup" type="real" from="0" to="1"/>
      <change idref="t61" attribute="taskType" type="real" from="0" to="2"/>
      <change idref="t61" attribute="title" type="string" to="后端排期"/>
    </change>
    <change idref="t54" from="t1" from-position="1" resolved="yes">
      <change idref="t54" attribute="effort" type="real" from="28800" to="7200"/>
      <change idref="t54" attribute="title" type="string" to="后端用户注册接口开发"/>
    </change>
    <change idref="t52" from="t2" from-position="4" resolved="yes">
      <change idref="t52" attribute="effort" type="real" from="28800" to="7200"/>
      <change idref="t52" attribute="internalPrerequisitesString" type="string" to="51FS"/>
      <change idref="t52" attribute="title" type="string" to="后端注销接口的开发"/>
    </change>
    <change idref="t51" from="t2" from-position="3" resolved="yes">
      <change idref="t51" attribute="internalPrerequisitesString" type="string" to="54FS"/>
      <change idref="t51" attribute="title" type="string" to="后端登录接口的开发，返回菜单列表"/>
    </change>
    <change idref="t53" from="t3" from-position="2" resolved="yes">
      <change idref="t53" attribute="effort" type="real" from="28800" to="14400"/>
      <change idref="t53" attribute="internalPrerequisitesString" type="string" to="52FS"/>
      <change idref="t53" attribute="title" type="string" to="checkLogin接口开发"/>
    </change>
    <change idref="t55" from="t4" from-position="1" resolved="yes">
      <change idref="t55" attribute="effort" type="real" from="28800" to="7200"/>
      <change idref="t55" attribute="internalPrerequisitesString" type="string" to="53FS"/>
      <change idref="t55" attribute="title" type="string" to="后端公众号信息新增接口开发，生成appId"/>
    </change>
    <change idref="t62" to="t67" to-position="0" resolved="yes">
      <change idref="t62" attribute="effort" type="real" from="28800" to="14400"/>
      <change idref="t62" attribute="internalAssignments" type="string" from="" to="3"/>
      <change idref="t62" attribute="title" type="string" to="后端用户注册接口开发"/>
    </change>
    <change idref="t63" to="t67" to-position="1" resolved="yes">
      <change idref="t63" attribute="effort" type="real" from="28800" to="14400"/>
      <change idref="t63" attribute="internalAssignments" type="string" from="" to="3"/>
      <change idref="t63" attribute="internalPrerequisitesString" type="string" to="62FS"/>
      <change idref="t63" attribute="title" type="string" to="后端用户登录接口开发"/>
    </change>
    <change idref="t64" to="t67" to-position="2" resolved="yes">
      <change idref="t64" attribute="effort" type="real" from="28800" to="14400"/>
      <change idref="t64" attribute="internalAssignments" type="string" from="" to="3"/>
      <change idref="t64" attribute="internalPrerequisitesString" type="string" to="63FS"/>
      <change idref="t64" attribute="title" type="string" to="后端公众号信息注册接口开发"/>
    </change>
    <change idref="t65" to="t67" to-position="3" resolved="yes">
      <change idref="t65" attribute="effort" type="real" from="28800" to="14400"/>
      <change idref="t65" attribute="internalAssignments" type="string" from="" to="3"/>
      <change idref="t65" attribute="internalPrerequisitesString" type="string" to="64FS"/>
      <change idref="t65" attribute="title" type="string" to="后端用户注销接口开发"/>
    </change>
    <change idref="t66" to="t67" to-position="4" resolved="yes">
      <change idref="t66" attribute="effort" type="real" from="28800" to="14400"/>
      <change idref="t66" attribute="internalAssignments" type="string" from="" to="3"/>
      <change idref="t66" attribute="internalPrerequisitesString" type="string" to="65FS"/>
      <change idref="t66" attribute="title" type="string" to="后端用户校验登录接口开发"/>
    </change>
    <change idref="t1" from="t-1" from-position="1" to="t60" to-position="0" resolved="yes"/>
    <change idref="t2" from="t-1" from-position="2" to="t60" to-position="1" resolved="yes"/>
    <change idref="t3" from="t-1" from-position="3" to="t60" to-position="2" resolved="yes"/>
    <change idref="t4" from="t-1" from-position="4" to="t60" to-position="3" resolved="yes"/>
    <change idref="t5" from="t-1" from-position="5" to="t60" to-position="4" resolved="yes"/>
    <change idref="t15" from="t-1" from-position="6" to="t60" to-position="5" resolved="yes"/>
    <change idref="t25" from="t-1" from-position="7" to="t60" to-position="6" resolved="yes"/>
    <change idref="t67" to="t61" to-position="0" resolved="yes">
      <change idref="t67" attribute="isGroup" type="real" from="0" to="1"/>
      <change idref="t67" attribute="taskType" type="real" from="0" to="2"/>
      <change idref="t67" attribute="title" type="string" to="后台用户体系"/>
    </change>
  </task-change-set>
  <task-change-set user="渠成" date="2016-11-15T15:09:43.460Z" timestamp="2016-11-15T15:09:43.460Z">
    <change idref="t70" to="t61" to-position="1" resolved="yes">
      <change idref="t70" attribute="isGroup" type="real" from="0" to="1"/>
      <change idref="t70" attribute="taskType" type="real" from="0" to="2"/>
      <change idref="t70" attribute="title" type="string" to="交易流水"/>
    </change>
    <change idref="t73" to="t61" to-position="2" resolved="yes">
      <change idref="t73" attribute="internalAssignments" type="string" from="" to="4"/>
      <change idref="t73" attribute="title" type="string" to="1.4运营后台需求"/>
    </change>
    <change idref="t74" to="t61" to-position="3" resolved="yes">
      <change idref="t74" attribute="isGroup" type="real" from="0" to="1"/>
      <change idref="t74" attribute="taskType" type="real" from="0" to="2"/>
      <change idref="t74" attribute="title" type="string" to="公众号商家后台"/>
    </change>
    <change idref="t77" to="t70" to-position="0" resolved="yes">
      <change idref="t77" attribute="title" type="string" to="接口约定"/>
    </change>
    <change idref="t71" to="t70" to-position="1" resolved="yes">
      <change idref="t71" attribute="internalAssignments" type="string" from="" to="4"/>
      <change idref="t71" attribute="title" type="string" to="交易明细"/>
    </change>
    <change idref="t72" to="t70" to-position="2" resolved="yes">
      <change idref="t72" attribute="internalAssignments" type="string" from="" to="4"/>
      <change idref="t72" attribute="title" type="string" to="体现页面"/>
    </change>
    <change idref="t78" to="t74" to-position="0" resolved="yes">
      <change idref="t78" attribute="title" type="string" to="接口约定"/>
    </change>
    <change idref="t75" to="t74" to-position="1" resolved="yes">
      <change idref="t75" attribute="internalAssignments" type="string" from="" to="5"/>
      <change idref="t75" attribute="title" type="string" to="数据看板"/>
    </change>
    <change idref="t76" to="t74" to-position="2" resolved="yes">
      <change idref="t76" attribute="internalAssignments" type="string" from="" to="5"/>
      <change idref="t76" attribute="title" type="string" to="订单信息"/>
    </change>
  </task-change-set>
  <task-change-set user="渠成" date="2016-11-15T15:19:08.574Z" timestamp="2016-11-15T15:19:08.574Z">
    <change idref="t61" attribute="noEarlierThanConstraintDate" type="date" to="2016-11-17T07:00:00.000Z" resolved="yes"/>
    <change idref="t67" attribute="noEarlierThanConstraintDate" type="date" to="2016-11-17T07:00:00.000Z" resolved="yes"/>
    <change idref="t70" attribute="noEarlierThanConstraintDate" type="date" to="2016-11-17T07:00:00.000Z" resolved="yes"/>
    <change idref="t77" from="t70" from-position="0" resolved="yes">
      <change idref="t77" attribute="title" type="string" to="接口约定"/>
    </change>
    <change idref="t71" attribute="effort" type="real" from="28800" to="43200" resolved="yes"/>
    <change idref="t71" attribute="noEarlierThanConstraintDate" type="date" to="2016-11-17T07:00:00.000Z" resolved="yes"/>
    <change idref="t72" attribute="effort" type="real" from="28800" to="54000" resolved="yes"/>
    <change idref="t72" attribute="internalPrerequisitesString" type="string" to="71FS" resolved="yes"/>
    <change idref="t72" attribute="noEarlierThanConstraintDate" type="date" to="2016-11-21T01:00:00.000Z" resolved="yes"/>
    <change idref="t73" attribute="internalPrerequisitesString" type="string" to="72FS" resolved="yes"/>
    <change idref="t73" attribute="noEarlierThanConstraintDate" type="date" to="2016-11-23T01:00:00.000Z" resolved="yes"/>
    <change idref="t74" attribute="noEarlierThanConstraintDate" type="date" to="2016-11-17T07:00:00.000Z" resolved="yes"/>
    <change idref="t75" attribute="internalPrerequisitesString" type="string" to="78FS" resolved="yes"/>
    <change idref="t75" attribute="noEarlierThanConstraintDate" type="date" to="2016-11-18T07:00:00.000Z" resolved="yes"/>
    <change idref="t76" attribute="internalPrerequisitesString" type="string" to="75FS" resolved="yes"/>
    <change idref="t76" attribute="noEarlierThanConstraintDate" type="date" to="2016-11-21T07:00:00.000Z" resolved="yes"/>
    <change idref="t78" attribute="internalAssignments" type="string" from="" to="5" resolved="yes"/>
    <change idref="t78" attribute="noEarlierThanConstraintDate" type="date" to="2016-11-17T07:00:00.000Z" resolved="yes"/>
  </task-change-set>
  <task-change-set user="渠成" date="2016-11-15T15:23:07.309Z" timestamp="2016-11-15T15:23:07.309Z">
    <change idref="t17" attribute="noEarlierThanConstraintDate" type="date" to="2016-11-16T01:00:00.000Z" resolved="yes"/>
    <change idref="t23" attribute="effort" type="real" from="14400" to="25200" resolved="yes"/>
    <change idref="t23" attribute="resourceLeveledDate" type="date" from="2016-11-16T01:00:00.000Z" resolved="yes"/>
    <change idref="t23" attribute="noEarlierThanConstraintDate" type="date" to="2016-11-16T07:00:00.000Z" resolved="yes"/>
    <change idref="t24" attribute="effort" type="real" from="14400" to="18000" resolved="yes"/>
    <change idref="t24" attribute="resourceLeveledDate" type="date" from="2016-11-16T01:00:00.000Z" resolved="yes"/>
    <change idref="t24" attribute="noEarlierThanConstraintDate" type="date" to="2016-11-17T06:00:00.000Z" resolved="yes"/>
    <change idref="t61" attribute="noEarlierThanConstraintDate" type="date" from="2016-11-17T07:00:00.000Z" to="2016-11-18T01:00:00.000Z" resolved="yes"/>
  </task-change-set>
  <resource-change-set user="皓辰" date="2016-11-15T06:50:57.792Z" timestamp="2016-11-15T06:50:57.792Z">
    <change idref="r1" attribute="name" type="string" from="资源 1" to="皓辰" resolved="yes"/>
  </resource-change-set>
  <resource-change-set user="皓辰" date="2016-11-15T07:01:38.723Z" timestamp="2016-11-15T07:01:38.723Z">
    <change idref="r-1" attribute="standardHoursString" type="string" from="-;-;-;-;-;-;-" to=";36000,72000;36000,72000;36000,72000;36000,72000;36000,72000;" resolved="yes"/>
  </resource-change-set>
  <resource-change-set user="皓辰" date="2016-11-15T07:02:53.047Z" timestamp="2016-11-15T07:02:53.047Z">
    <change idref="r-1" attribute="standardHoursString" type="string" from=";36000,72000;36000,72000;36000,72000;36000,72000;36000,72000;" to=";36000,43200,48600,75600;36000,43200,48600,75600;36000,43200,48600,75600;36000,43200,48600,75600;36000,43200,48600,75600;" resolved="yes"/>
  </resource-change-set>
  <resource-change-set user="皓辰" date="2016-11-15T07:03:31.415Z" timestamp="2016-11-15T07:03:31.415Z">
    <change idref="r-1" attribute="standardHoursString" type="string" from=";36000,43200,48600,75600;36000,43200,48600,75600;36000,43200,48600,75600;36000,43200,48600,75600;36000,43200,48600,75600;" to=";32400,43200,50400,68400;32400,43200,50400,68400;32400,43200,50400,68400;32400,43200,50400,68400;32400,43200,50400,68400;" resolved="yes"/>
  </resource-change-set>
  <resource-change-set user="孙鹏" date="2016-11-15T14:53:37.622Z" timestamp="2016-11-15T14:53:37.622Z">
    <change idref="r3" to="r-1" to-position="1" resolved="yes">
      <change idref="r3" attribute="name" type="string" to="子铭"/>
    </change>
    <change idref="r4" to="r-1" to-position="2" resolved="yes">
      <change idref="r4" attribute="name" type="string" to="渠成"/>
    </change>
    <change idref="r5" to="r-1" to-position="3" resolved="yes">
      <change idref="r5" attribute="name" type="string" to="晴天"/>
    </change>
  </resource-change-set>
  <resource-change-set user="渠成" date="2016-11-15T15:19:08.572Z" timestamp="2016-11-15T15:19:08.572Z">
    <change idref="r-1" attribute="standardHoursString" type="string" from=";32400,43200,50400,68400;32400,43200,50400,68400;32400,43200,50400,68400;32400,43200,50400,68400;32400,43200,50400,68400;" to=";32400,43200,50400,68400;32400,43200,50400,68400;32400,43200,50400,68400;32400,43200,50400,68400;32400,43200,50400,68400;32400,43200,50400,68400" resolved="yes"/>
  </resource-change-set>
  <metadata-change-set user="皓辰" date="2016-11-15T05:49:23.118Z" timestamp="2016-11-15T05:49:23.118Z">
    <change idref="m1" attribute="fixedDate" type="date" from="2007-01-01T20:00:00.000Z" to="2016-11-15T00:00:00.000Z" resolved="yes"/>
  </metadata-change-set>
  <metadata-change-set user="皓辰" date="2016-11-15T07:05:57.655Z" timestamp="2016-11-15T07:05:57.655Z">
    <change idref="m1" attribute="scheduleGranularity" type="real" from="0" to="2" resolved="yes"/>
    <change idref="m1" attribute="fixedDate" type="date" from="2016-11-15T00:00:00.000Z" to="2016-11-16T00:00:00.000Z" resolved="yes"/>
  </metadata-change-set>
  <metadata-change-set user="皓辰" date="2016-11-15T07:07:42.605Z" timestamp="2016-11-15T07:07:42.605Z">
    <change idref="m1" attribute="scheduleGranularity" type="real" from="2" to="1" resolved="yes"/>
  </metadata-change-set>
</changelog>
