<?xml version="1.0" encoding="UTF-8" standalone="no"?>
<scenario xmlns="http://www.omnigroup.com/namespace/OmniPlan/v2" xmlns:opns="http://www.omnigroup.com/namespace/OmniPlan/v2" id="jXmOyiHknOq">
  <start-date>2016-11-16T00:00:00.000Z</start-date>
  <granularity>hours</granularity>
  <prototype-task>
    <task id="t-2">
      <title>任务 1</title>
      <effort>28800</effort>
    </task>
  </prototype-task>
  <prototype-task>
    <task id="t-3">
      <title>里程碑 1</title>
      <type>milestone</type>
    </task>
  </prototype-task>
  <prototype-task>
    <task id="t-4">
      <title>群组 1</title>
      <type>group</type>
    </task>
  </prototype-task>
  <prototype-resource>
    <resource id="r-2">
      <name>资源 1</name>
      <type>Staff</type>
    </resource>
  </prototype-resource>
  <prototype-resource>
    <resource id="r-3">
      <name>设备 1</name>
      <type>Equipment</type>
    </resource>
  </prototype-resource>
  <prototype-resource>
    <resource id="r-4">
      <name>素材 1</name>
      <type>Material</type>
      <units-available>0</units-available>
      <efficiency>0</efficiency>
    </resource>
  </prototype-resource>
  <prototype-resource>
    <resource id="r-5">
      <name>群组 1</name>
      <type>Group</type>
    </resource>
  </prototype-resource>
  <top-resource idref="r-1"/>
  <resource id="r-1">
    <type>Group</type>
    <schedule>
      <schedule-day day-of-week="sunday"/>
      <schedule-day day-of-week="monday">
        <time-span start-time="32400" end-time="43200"/>
        <time-span start-time="50400" end-time="68400"/>
      </schedule-day>
      <schedule-day day-of-week="tuesday">
        <time-span start-time="32400" end-time="43200"/>
        <time-span start-time="50400" end-time="68400"/>
      </schedule-day>
      <schedule-day day-of-week="wednesday">
        <time-span start-time="32400" end-time="43200"/>
        <time-span start-time="50400" end-time="68400"/>
      </schedule-day>
      <schedule-day day-of-week="thursday">
        <time-span start-time="32400" end-time="43200"/>
        <time-span start-time="50400" end-time="68400"/>
      </schedule-day>
      <schedule-day day-of-week="friday">
        <time-span start-time="32400" end-time="43200"/>
        <time-span start-time="50400" end-time="68400"/>
      </schedule-day>
      <schedule-day day-of-week="saturday">
        <time-span start-time="32400" end-time="43200"/>
        <time-span start-time="50400" end-time="68400"/>
      </schedule-day>
      <calendar name="Time Off" editable="yes" overtime="no"/>
      <calendar name="Overtime" editable="yes" overtime="yes"/>
    </schedule>
    <child-resource idref="r1"/>
    <child-resource idref="r3"/>
    <child-resource idref="r4"/>
    <child-resource idref="r5"/>
  </resource>
  <resource id="r1">
    <name>皓辰</name>
    <type>Staff</type>
  </resource>
  <resource id="r3">
    <name>子铭</name>
    <type>Staff</type>
  </resource>
  <resource id="r4">
    <name>渠成</name>
    <type>Staff</type>
  </resource>
  <resource id="r5">
    <name>晴天</name>
    <type>Staff</type>
  </resource>
  <top-task idref="t-1"/>
  <task id="t-1">
    <type>group</type>
    <child-task idref="t17"/>
    <child-task idref="t60"/>
    <child-task idref="t61"/>
    <child-task idref="t36"/>
  </task>
  <task id="t1">
    <title>注册界面</title>
    <type>group</type>
    <child-task idref="t7"/>
    <prerequisite-task idref="t17"/>
    <prerequisite-task idref="t24"/>
  </task>
  <task id="t2">
    <title>登录、注销</title>
    <type>group</type>
    <child-task idref="t8"/>
    <child-task idref="t11"/>
    <child-task idref="t13"/>
    <prerequisite-task idref="t1"/>
    <prerequisite-task idref="t7"/>
  </task>
  <task id="t3">
    <title>菜单权限</title>
    <type>group</type>
    <child-task idref="t29"/>
    <child-task idref="t30"/>
    <prerequisite-task idref="t2"/>
    <prerequisite-task idref="t13"/>
  </task>
  <task id="t4">
    <title>注册链接生成界面</title>
    <type>group</type>
    <child-task idref="t32"/>
    <prerequisite-task idref="t3"/>
    <prerequisite-task idref="t30"/>
  </task>
  <task id="t5">
    <title>概况界面</title>
    <type>group</type>
    <child-task idref="t16"/>
    <child-task idref="t33"/>
    <prerequisite-task idref="t4"/>
    <prerequisite-task idref="t32"/>
  </task>
  <task id="t7">
    <title>URL含有appId处理为子账号注册</title>
    <leveled-start>2016-11-16T01:00:00.000Z</leveled-start>
    <effort>28800</effort>
  </task>
  <task id="t8">
    <title>登录成功进入主页获取渲染菜单</title>
    <leveled-start>2016-11-16T01:00:00.000Z</leveled-start>
    <effort>14400</effort>
  </task>
  <task id="t11">
    <title>设置sessionStorage及有效期</title>
    <leveled-start>2016-11-16T01:00:00.000Z</leveled-start>
    <effort>14400</effort>
    <prerequisite-task idref="t8"/>
  </task>
  <task id="t13">
    <title>注销</title>
    <leveled-start>2016-11-16T01:00:00.000Z</leveled-start>
    <effort>14400</effort>
    <prerequisite-task idref="t11"/>
  </task>
  <task id="t15">
    <title>交易流水界面</title>
    <type>group</type>
    <child-task idref="t34"/>
    <child-task idref="t35"/>
    <prerequisite-task idref="t5"/>
    <prerequisite-task idref="t33"/>
  </task>
  <task id="t16">
    <title>概况信息</title>
    <leveled-start>2016-11-16T01:00:00.000Z</leveled-start>
    <effort>28800</effort>
  </task>
  <task id="t17">
    <title>接口约定</title>
    <type>group</type>
    <start-constraint-date>2016-11-16T01:00:00.000Z</start-constraint-date>
    <child-task idref="t19"/>
    <child-task idref="t20"/>
    <child-task idref="t22"/>
    <child-task idref="t23"/>
    <child-task idref="t24"/>
    <start-no-earlier-than>2016-11-16T01:00:00.000Z</start-no-earlier-than>
  </task>
  <task id="t19">
    <title>登录、注册</title>
    <leveled-start>2016-11-16T01:00:00.000Z</leveled-start>
    <effort>3600</effort>
  </task>
  <task id="t20">
    <title>获取登录用户信息、菜单信息</title>
    <leveled-start>2016-11-16T01:00:00.000Z</leveled-start>
    <effort>7200</effort>
    <prerequisite-task idref="t19"/>
  </task>
  <task id="t22">
    <title>生成商城注册链接接口</title>
    <leveled-start>2016-11-16T01:00:00.000Z</leveled-start>
    <effort>3600</effort>
    <prerequisite-task idref="t20"/>
  </task>
  <task id="t23">
    <title>概况界面</title>
    <effort>25200</effort>
    <start-constraint-date>2016-11-16T07:00:00.000Z</start-constraint-date>
    <prerequisite-task idref="t22"/>
    <start-no-earlier-than>2016-11-16T07:00:00.000Z</start-no-earlier-than>
  </task>
  <task id="t24">
    <title>交易流水界面</title>
    <effort>18000</effort>
    <start-constraint-date>2016-11-17T06:00:00.000Z</start-constraint-date>
    <prerequisite-task idref="t23"/>
    <start-no-earlier-than>2016-11-17T06:00:00.000Z</start-no-earlier-than>
  </task>
  <task id="t25">
    <title>提现界面</title>
    <type>group</type>
    <child-task idref="t26"/>
    <child-task idref="t27"/>
    <prerequisite-task idref="t15"/>
    <prerequisite-task idref="t35"/>
  </task>
  <task id="t26">
    <title>提现记录界面</title>
    <leveled-start>2016-11-16T01:00:00.000Z</leveled-start>
    <effort>28800</effort>
  </task>
  <task id="t27">
    <title>提现申请</title>
    <leveled-start>2016-11-16T01:00:00.000Z</leveled-start>
    <effort>28800</effort>
    <prerequisite-task idref="t26"/>
  </task>
  <task id="t29">
    <title>根据后端菜单列表渲染菜单</title>
    <leveled-start>2016-11-16T01:00:00.000Z</leveled-start>
    <effort>28800</effort>
  </task>
  <task id="t30">
    <title>目前已有的各页面checkLogin，未登陆则跳转登陆页</title>
    <leveled-start>2016-11-16T01:00:00.000Z</leveled-start>
    <effort>28800</effort>
    <prerequisite-task idref="t29"/>
  </task>
  <task id="t32">
    <title>设为独立页面，高级管理员可访问</title>
    <leveled-start>2016-11-16T01:00:00.000Z</leveled-start>
    <effort>28800</effort>
  </task>
  <task id="t33">
    <title>订单查询</title>
    <leveled-start>2016-11-16T01:00:00.000Z</leveled-start>
    <effort>28800</effort>
    <prerequisite-task idref="t16"/>
  </task>
  <task id="t34">
    <title>交易流水概况信息</title>
    <leveled-start>2016-11-16T01:00:00.000Z</leveled-start>
    <effort>28800</effort>
  </task>
  <task id="t35">
    <title>交易流水明细</title>
    <leveled-start>2016-11-16T01:00:00.000Z</leveled-start>
    <effort>28800</effort>
    <prerequisite-task idref="t34"/>
  </task>
  <task id="t36">
    <title>联调</title>
    <type>group</type>
    <child-task idref="t38"/>
    <child-task idref="t39"/>
    <child-task idref="t40"/>
    <child-task idref="t41"/>
    <child-task idref="t42"/>
    <prerequisite-task idref="t25"/>
    <prerequisite-task idref="t27"/>
  </task>
  <task id="t38">
    <title>登陆注册注销</title>
    <leveled-start>2016-11-16T01:00:00.000Z</leveled-start>
    <effort>14400</effort>
  </task>
  <task id="t39">
    <title>生成注册链接注册</title>
    <leveled-start>2016-11-16T01:00:00.000Z</leveled-start>
    <effort>14400</effort>
    <prerequisite-task idref="t38"/>
  </task>
  <task id="t40">
    <title>概况信息</title>
    <leveled-start>2016-11-16T01:00:00.000Z</leveled-start>
    <effort>28800</effort>
    <prerequisite-task idref="t39"/>
  </task>
  <task id="t41">
    <title>交易流水</title>
    <leveled-start>2016-11-16T01:00:00.000Z</leveled-start>
    <effort>28800</effort>
    <prerequisite-task idref="t40"/>
  </task>
  <task id="t42">
    <title>提现及提现记录管理</title>
    <leveled-start>2016-11-16T01:00:00.000Z</leveled-start>
    <effort>28800</effort>
    <prerequisite-task idref="t41"/>
  </task>
  <task id="t60">
    <title>前端排期</title>
    <type>group</type>
    <child-task idref="t1"/>
    <child-task idref="t2"/>
    <child-task idref="t3"/>
    <child-task idref="t4"/>
    <child-task idref="t5"/>
    <child-task idref="t15"/>
    <child-task idref="t25"/>
  </task>
  <task id="t61">
    <title>后端排期</title>
    <type>group</type>
    <start-constraint-date>2016-11-18T01:00:00.000Z</start-constraint-date>
    <child-task idref="t67"/>
    <child-task idref="t70"/>
    <child-task idref="t73"/>
    <child-task idref="t74"/>
    <start-no-earlier-than>2016-11-18T01:00:00.000Z</start-no-earlier-than>
  </task>
  <task id="t62">
    <title>后端用户注册接口开发</title>
    <effort>14400</effort>
    <assignment idref="r3"/>
  </task>
  <task id="t63">
    <title>后端用户登录接口开发</title>
    <effort>14400</effort>
    <prerequisite-task idref="t62"/>
    <assignment idref="r3"/>
  </task>
  <task id="t64">
    <title>后端公众号信息注册接口开发</title>
    <effort>14400</effort>
    <prerequisite-task idref="t63"/>
    <assignment idref="r3"/>
  </task>
  <task id="t65">
    <title>后端用户注销接口开发</title>
    <effort>14400</effort>
    <prerequisite-task idref="t64"/>
    <assignment idref="r3"/>
  </task>
  <task id="t66">
    <title>后端用户校验登录接口开发</title>
    <effort>14400</effort>
    <prerequisite-task idref="t65"/>
    <assignment idref="r3"/>
  </task>
  <task id="t67">
    <title>后台用户体系</title>
    <type>group</type>
    <start-constraint-date>2016-11-17T07:00:00.000Z</start-constraint-date>
    <child-task idref="t62"/>
    <child-task idref="t63"/>
    <child-task idref="t64"/>
    <child-task idref="t65"/>
    <child-task idref="t66"/>
    <start-no-earlier-than>2016-11-17T07:00:00.000Z</start-no-earlier-than>
  </task>
  <task id="t70">
    <title>交易流水</title>
    <type>group</type>
    <start-constraint-date>2016-11-17T07:00:00.000Z</start-constraint-date>
    <child-task idref="t71"/>
    <child-task idref="t72"/>
    <start-no-earlier-than>2016-11-17T07:00:00.000Z</start-no-earlier-than>
  </task>
  <task id="t71">
    <title>交易明细</title>
    <effort>43200</effort>
    <start-constraint-date>2016-11-17T07:00:00.000Z</start-constraint-date>
    <assignment idref="r4"/>
    <start-no-earlier-than>2016-11-17T07:00:00.000Z</start-no-earlier-than>
  </task>
  <task id="t72">
    <title>体现页面</title>
    <effort>54000</effort>
    <start-constraint-date>2016-11-21T01:00:00.000Z</start-constraint-date>
    <prerequisite-task idref="t71"/>
    <assignment idref="r4"/>
    <start-no-earlier-than>2016-11-21T01:00:00.000Z</start-no-earlier-than>
  </task>
  <task id="t73">
    <title>1.4运营后台需求</title>
    <effort>28800</effort>
    <start-constraint-date>2016-11-23T01:00:00.000Z</start-constraint-date>
    <prerequisite-task idref="t72"/>
    <assignment idref="r4"/>
    <start-no-earlier-than>2016-11-23T01:00:00.000Z</start-no-earlier-than>
  </task>
  <task id="t74">
    <title>公众号商家后台</title>
    <type>group</type>
    <start-constraint-date>2016-11-17T07:00:00.000Z</start-constraint-date>
    <child-task idref="t78"/>
    <child-task idref="t75"/>
    <child-task idref="t76"/>
    <start-no-earlier-than>2016-11-17T07:00:00.000Z</start-no-earlier-than>
  </task>
  <task id="t75">
    <title>数据看板</title>
    <effort>28800</effort>
    <start-constraint-date>2016-11-18T07:00:00.000Z</start-constraint-date>
    <prerequisite-task idref="t78"/>
    <assignment idref="r5"/>
    <start-no-earlier-than>2016-11-18T07:00:00.000Z</start-no-earlier-than>
  </task>
  <task id="t76">
    <title>订单信息</title>
    <effort>28800</effort>
    <start-constraint-date>2016-11-21T07:00:00.000Z</start-constraint-date>
    <prerequisite-task idref="t75"/>
    <assignment idref="r5"/>
    <start-no-earlier-than>2016-11-21T07:00:00.000Z</start-no-earlier-than>
  </task>
  <task id="t78">
    <title>接口约定</title>
    <effort>28800</effort>
    <start-constraint-date>2016-11-17T07:00:00.000Z</start-constraint-date>
    <assignment idref="r5"/>
    <start-no-earlier-than>2016-11-17T07:00:00.000Z</start-no-earlier-than>
  </task>
  <critical-path root="-1" enabled="false" resources="false">
    <color r="1" g="0.5" b="0.5"/>
  </critical-path>
</scenario>
